Campaign,Negative keyword
"Pegada Carteles Álava","cómo hacer"
"Pegada Carteles Álava","como hacer"
"Pegada Carteles Álava","tutorial"
"Pegada Carteles Álava","ejemplo"
"Pegada Carteles Álava","plantilla"
"Pegada Carteles Álava","canva"
"Pegada Carteles Álava","psd"
"Pegada Carteles Álava","gratis"
"Pegada Carteles Álava","trabajo"
"Pegada Carteles Álava","empleo"
"Pegada Carteles Álava","curriculum"
"Pegada Carteles Álava","cv"
"Pegada Carteles Álava","facebook"
"Pegada Carteles Álava","instagram"
"Pegada Carteles Álava","marketing digital"
"Pegada Carteles Albacete","cómo hacer"
"Pegada Carteles Albacete","como hacer"
"Pegada Carteles Albacete","tutorial"
"Pegada Carteles Albacete","ejemplo"
"Pegada Carteles Albacete","plantilla"
"Pegada Carteles Albacete","canva"
"Pegada Carteles Albacete","psd"
"Pegada Carteles Albacete","gratis"
"Pegada Carteles Albacete","trabajo"
"Pegada Carteles Albacete","empleo"
"Pegada Carteles Albacete","curriculum"
"Pegada Carteles Albacete","cv"
"Pegada Carteles Albacete","facebook"
"Pegada Carteles Albacete","instagram"
"Pegada Carteles Albacete","marketing digital"
"Pegada Carteles Alicante","cómo hacer"
"Pegada Carteles Alicante","como hacer"
"Pegada Carteles Alicante","tutorial"
"Pegada Carteles Alicante","ejemplo"
"Pegada Carteles Alicante","plantilla"
"Pegada Carteles Alicante","canva"
"Pegada Carteles Alicante","psd"
"Pegada Carteles Alicante","gratis"
"Pegada Carteles Alicante","trabajo"
"Pegada Carteles Alicante","empleo"
"Pegada Carteles Alicante","curriculum"
"Pegada Carteles Alicante","cv"
"Pegada Carteles Alicante","facebook"
"Pegada Carteles Alicante","instagram"
"Pegada Carteles Alicante","marketing digital"
"Pegada Carteles Almería","cómo hacer"
"Pegada Carteles Almería","como hacer"
"Pegada Carteles Almería","tutorial"
"Pegada Carteles Almería","ejemplo"
"Pegada Carteles Almería","plantilla"
"Pegada Carteles Almería","canva"
"Pegada Carteles Almería","psd"
"Pegada Carteles Almería","gratis"
"Pegada Carteles Almería","trabajo"
"Pegada Carteles Almería","empleo"
"Pegada Carteles Almería","curriculum"
"Pegada Carteles Almería","cv"
"Pegada Carteles Almería","facebook"
"Pegada Carteles Almería","instagram"
"Pegada Carteles Almería","marketing digital"
"Pegada Carteles Asturias","cómo hacer"
"Pegada Carteles Asturias","como hacer"
"Pegada Carteles Asturias","tutorial"
"Pegada Carteles Asturias","ejemplo"
"Pegada Carteles Asturias","plantilla"
"Pegada Carteles Asturias","canva"
"Pegada Carteles Asturias","psd"
"Pegada Carteles Asturias","gratis"
"Pegada Carteles Asturias","trabajo"
"Pegada Carteles Asturias","empleo"
"Pegada Carteles Asturias","curriculum"
"Pegada Carteles Asturias","cv"
"Pegada Carteles Asturias","facebook"
"Pegada Carteles Asturias","instagram"
"Pegada Carteles Asturias","marketing digital"
"Pegada Carteles Ávila","cómo hacer"
"Pegada Carteles Ávila","como hacer"
"Pegada Carteles Ávila","tutorial"
"Pegada Carteles Ávila","ejemplo"
"Pegada Carteles Ávila","plantilla"
"Pegada Carteles Ávila","canva"
"Pegada Carteles Ávila","psd"
"Pegada Carteles Ávila","gratis"
"Pegada Carteles Ávila","trabajo"
"Pegada Carteles Ávila","empleo"
"Pegada Carteles Ávila","curriculum"
"Pegada Carteles Ávila","cv"
"Pegada Carteles Ávila","facebook"
"Pegada Carteles Ávila","instagram"
"Pegada Carteles Ávila","marketing digital"
"Pegada Carteles Badajoz","cómo hacer"
"Pegada Carteles Badajoz","como hacer"
"Pegada Carteles Badajoz","tutorial"
"Pegada Carteles Badajoz","ejemplo"
"Pegada Carteles Badajoz","plantilla"
"Pegada Carteles Badajoz","canva"
"Pegada Carteles Badajoz","psd"
"Pegada Carteles Badajoz","gratis"
"Pegada Carteles Badajoz","trabajo"
"Pegada Carteles Badajoz","empleo"
"Pegada Carteles Badajoz","curriculum"
"Pegada Carteles Badajoz","cv"
"Pegada Carteles Badajoz","facebook"
"Pegada Carteles Badajoz","instagram"
"Pegada Carteles Badajoz","marketing digital"
"Pegada Carteles Baleares","cómo hacer"
"Pegada Carteles Baleares","como hacer"
"Pegada Carteles Baleares","tutorial"
"Pegada Carteles Baleares","ejemplo"
"Pegada Carteles Baleares","plantilla"
"Pegada Carteles Baleares","canva"
"Pegada Carteles Baleares","psd"
"Pegada Carteles Baleares","gratis"
"Pegada Carteles Baleares","trabajo"
"Pegada Carteles Baleares","empleo"
"Pegada Carteles Baleares","curriculum"
"Pegada Carteles Baleares","cv"
"Pegada Carteles Baleares","facebook"
"Pegada Carteles Baleares","instagram"
"Pegada Carteles Baleares","marketing digital"
"Pegada Carteles Barcelona","cómo hacer"
"Pegada Carteles Barcelona","como hacer"
"Pegada Carteles Barcelona","tutorial"
"Pegada Carteles Barcelona","ejemplo"
"Pegada Carteles Barcelona","plantilla"
"Pegada Carteles Barcelona","canva"
"Pegada Carteles Barcelona","psd"
"Pegada Carteles Barcelona","gratis"
"Pegada Carteles Barcelona","trabajo"
"Pegada Carteles Barcelona","empleo"
"Pegada Carteles Barcelona","curriculum"
"Pegada Carteles Barcelona","cv"
"Pegada Carteles Barcelona","facebook"
"Pegada Carteles Barcelona","instagram"
"Pegada Carteles Barcelona","marketing digital"
"Pegada Carteles Burgos","cómo hacer"
"Pegada Carteles Burgos","como hacer"
"Pegada Carteles Burgos","tutorial"
"Pegada Carteles Burgos","ejemplo"
"Pegada Carteles Burgos","plantilla"
"Pegada Carteles Burgos","canva"
"Pegada Carteles Burgos","psd"
"Pegada Carteles Burgos","gratis"
"Pegada Carteles Burgos","trabajo"
"Pegada Carteles Burgos","empleo"
"Pegada Carteles Burgos","curriculum"
"Pegada Carteles Burgos","cv"
"Pegada Carteles Burgos","facebook"
"Pegada Carteles Burgos","instagram"
"Pegada Carteles Burgos","marketing digital"
"Pegada Carteles Cáceres","cómo hacer"
"Pegada Carteles Cáceres","como hacer"
"Pegada Carteles Cáceres","tutorial"
"Pegada Carteles Cáceres","ejemplo"
"Pegada Carteles Cáceres","plantilla"
"Pegada Carteles Cáceres","canva"
"Pegada Carteles Cáceres","psd"
"Pegada Carteles Cáceres","gratis"
"Pegada Carteles Cáceres","trabajo"
"Pegada Carteles Cáceres","empleo"
"Pegada Carteles Cáceres","curriculum"
"Pegada Carteles Cáceres","cv"
"Pegada Carteles Cáceres","facebook"
"Pegada Carteles Cáceres","instagram"
"Pegada Carteles Cáceres","marketing digital"
"Pegada Carteles Cádiz","cómo hacer"
"Pegada Carteles Cádiz","como hacer"
"Pegada Carteles Cádiz","tutorial"
"Pegada Carteles Cádiz","ejemplo"
"Pegada Carteles Cádiz","plantilla"
"Pegada Carteles Cádiz","canva"
"Pegada Carteles Cádiz","psd"
"Pegada Carteles Cádiz","gratis"
"Pegada Carteles Cádiz","trabajo"
"Pegada Carteles Cádiz","empleo"
"Pegada Carteles Cádiz","curriculum"
"Pegada Carteles Cádiz","cv"
"Pegada Carteles Cádiz","facebook"
"Pegada Carteles Cádiz","instagram"
"Pegada Carteles Cádiz","marketing digital"
"Pegada Carteles Cantabria","cómo hacer"
"Pegada Carteles Cantabria","como hacer"
"Pegada Carteles Cantabria","tutorial"
"Pegada Carteles Cantabria","ejemplo"
"Pegada Carteles Cantabria","plantilla"
"Pegada Carteles Cantabria","canva"
"Pegada Carteles Cantabria","psd"
"Pegada Carteles Cantabria","gratis"
"Pegada Carteles Cantabria","trabajo"
"Pegada Carteles Cantabria","empleo"
"Pegada Carteles Cantabria","curriculum"
"Pegada Carteles Cantabria","cv"
"Pegada Carteles Cantabria","facebook"
"Pegada Carteles Cantabria","instagram"
"Pegada Carteles Cantabria","marketing digital"
"Pegada Carteles Castellón","cómo hacer"
"Pegada Carteles Castellón","como hacer"
"Pegada Carteles Castellón","tutorial"
"Pegada Carteles Castellón","ejemplo"
"Pegada Carteles Castellón","plantilla"
"Pegada Carteles Castellón","canva"
"Pegada Carteles Castellón","psd"
"Pegada Carteles Castellón","gratis"
"Pegada Carteles Castellón","trabajo"
"Pegada Carteles Castellón","empleo"
"Pegada Carteles Castellón","curriculum"
"Pegada Carteles Castellón","cv"
"Pegada Carteles Castellón","facebook"
"Pegada Carteles Castellón","instagram"
"Pegada Carteles Castellón","marketing digital"
"Pegada Carteles Ceuta","cómo hacer"
"Pegada Carteles Ceuta","como hacer"
"Pegada Carteles Ceuta","tutorial"
"Pegada Carteles Ceuta","ejemplo"
"Pegada Carteles Ceuta","plantilla"
"Pegada Carteles Ceuta","canva"
"Pegada Carteles Ceuta","psd"
"Pegada Carteles Ceuta","gratis"
"Pegada Carteles Ceuta","trabajo"
"Pegada Carteles Ceuta","empleo"
"Pegada Carteles Ceuta","curriculum"
"Pegada Carteles Ceuta","cv"
"Pegada Carteles Ceuta","facebook"
"Pegada Carteles Ceuta","instagram"
"Pegada Carteles Ceuta","marketing digital"
"Pegada Carteles Ciudad Real","cómo hacer"
"Pegada Carteles Ciudad Real","como hacer"
"Pegada Carteles Ciudad Real","tutorial"
"Pegada Carteles Ciudad Real","ejemplo"
"Pegada Carteles Ciudad Real","plantilla"
"Pegada Carteles Ciudad Real","canva"
"Pegada Carteles Ciudad Real","psd"
"Pegada Carteles Ciudad Real","gratis"
"Pegada Carteles Ciudad Real","trabajo"
"Pegada Carteles Ciudad Real","empleo"
"Pegada Carteles Ciudad Real","curriculum"
"Pegada Carteles Ciudad Real","cv"
"Pegada Carteles Ciudad Real","facebook"
"Pegada Carteles Ciudad Real","instagram"
"Pegada Carteles Ciudad Real","marketing digital"
"Pegada Carteles Córdoba","cómo hacer"
"Pegada Carteles Córdoba","como hacer"
"Pegada Carteles Córdoba","tutorial"
"Pegada Carteles Córdoba","ejemplo"
"Pegada Carteles Córdoba","plantilla"
"Pegada Carteles Córdoba","canva"
"Pegada Carteles Córdoba","psd"
"Pegada Carteles Córdoba","gratis"
"Pegada Carteles Córdoba","trabajo"
"Pegada Carteles Córdoba","empleo"
"Pegada Carteles Córdoba","curriculum"
"Pegada Carteles Córdoba","cv"
"Pegada Carteles Córdoba","facebook"
"Pegada Carteles Córdoba","instagram"
"Pegada Carteles Córdoba","marketing digital"
"Pegada Carteles A Coruña","cómo hacer"
"Pegada Carteles A Coruña","como hacer"
"Pegada Carteles A Coruña","tutorial"
"Pegada Carteles A Coruña","ejemplo"
"Pegada Carteles A Coruña","plantilla"
"Pegada Carteles A Coruña","canva"
"Pegada Carteles A Coruña","psd"
"Pegada Carteles A Coruña","gratis"
"Pegada Carteles A Coruña","trabajo"
"Pegada Carteles A Coruña","empleo"
"Pegada Carteles A Coruña","curriculum"
"Pegada Carteles A Coruña","cv"
"Pegada Carteles A Coruña","facebook"
"Pegada Carteles A Coruña","instagram"
"Pegada Carteles A Coruña","marketing digital"
"Pegada Carteles Cuenca","cómo hacer"
"Pegada Carteles Cuenca","como hacer"
"Pegada Carteles Cuenca","tutorial"
"Pegada Carteles Cuenca","ejemplo"
"Pegada Carteles Cuenca","plantilla"
"Pegada Carteles Cuenca","canva"
"Pegada Carteles Cuenca","psd"
"Pegada Carteles Cuenca","gratis"
"Pegada Carteles Cuenca","trabajo"
"Pegada Carteles Cuenca","empleo"
"Pegada Carteles Cuenca","curriculum"
"Pegada Carteles Cuenca","cv"
"Pegada Carteles Cuenca","facebook"
"Pegada Carteles Cuenca","instagram"
"Pegada Carteles Cuenca","marketing digital"
"Pegada Carteles Gerona","cómo hacer"
"Pegada Carteles Gerona","como hacer"
"Pegada Carteles Gerona","tutorial"
"Pegada Carteles Gerona","ejemplo"
"Pegada Carteles Gerona","plantilla"
"Pegada Carteles Gerona","canva"
"Pegada Carteles Gerona","psd"
"Pegada Carteles Gerona","gratis"
"Pegada Carteles Gerona","trabajo"
"Pegada Carteles Gerona","empleo"
"Pegada Carteles Gerona","curriculum"
"Pegada Carteles Gerona","cv"
"Pegada Carteles Gerona","facebook"
"Pegada Carteles Gerona","instagram"
"Pegada Carteles Gerona","marketing digital"
"Pegada Carteles Granada","cómo hacer"
"Pegada Carteles Granada","como hacer"
"Pegada Carteles Granada","tutorial"
"Pegada Carteles Granada","ejemplo"
"Pegada Carteles Granada","plantilla"
"Pegada Carteles Granada","canva"
"Pegada Carteles Granada","psd"
"Pegada Carteles Granada","gratis"
"Pegada Carteles Granada","trabajo"
"Pegada Carteles Granada","empleo"
"Pegada Carteles Granada","curriculum"
"Pegada Carteles Granada","cv"
"Pegada Carteles Granada","facebook"
"Pegada Carteles Granada","instagram"
"Pegada Carteles Granada","marketing digital"
"Pegada Carteles Guadalajara","cómo hacer"
"Pegada Carteles Guadalajara","como hacer"
"Pegada Carteles Guadalajara","tutorial"
"Pegada Carteles Guadalajara","ejemplo"
"Pegada Carteles Guadalajara","plantilla"
"Pegada Carteles Guadalajara","canva"
"Pegada Carteles Guadalajara","psd"
"Pegada Carteles Guadalajara","gratis"
"Pegada Carteles Guadalajara","trabajo"
"Pegada Carteles Guadalajara","empleo"
"Pegada Carteles Guadalajara","curriculum"
"Pegada Carteles Guadalajara","cv"
"Pegada Carteles Guadalajara","facebook"
"Pegada Carteles Guadalajara","instagram"
"Pegada Carteles Guadalajara","marketing digital"
"Pegada Carteles Guipúzcoa","cómo hacer"
"Pegada Carteles Guipúzcoa","como hacer"
"Pegada Carteles Guipúzcoa","tutorial"
"Pegada Carteles Guipúzcoa","ejemplo"
"Pegada Carteles Guipúzcoa","plantilla"
"Pegada Carteles Guipúzcoa","canva"
"Pegada Carteles Guipúzcoa","psd"
"Pegada Carteles Guipúzcoa","gratis"
"Pegada Carteles Guipúzcoa","trabajo"
"Pegada Carteles Guipúzcoa","empleo"
"Pegada Carteles Guipúzcoa","curriculum"
"Pegada Carteles Guipúzcoa","cv"
"Pegada Carteles Guipúzcoa","facebook"
"Pegada Carteles Guipúzcoa","instagram"
"Pegada Carteles Guipúzcoa","marketing digital"
"Pegada Carteles Huelva","cómo hacer"
"Pegada Carteles Huelva","como hacer"
"Pegada Carteles Huelva","tutorial"
"Pegada Carteles Huelva","ejemplo"
"Pegada Carteles Huelva","plantilla"
"Pegada Carteles Huelva","canva"
"Pegada Carteles Huelva","psd"
"Pegada Carteles Huelva","gratis"
"Pegada Carteles Huelva","trabajo"
"Pegada Carteles Huelva","empleo"
"Pegada Carteles Huelva","curriculum"
"Pegada Carteles Huelva","cv"
"Pegada Carteles Huelva","facebook"
"Pegada Carteles Huelva","instagram"
"Pegada Carteles Huelva","marketing digital"
"Pegada Carteles Huesca","cómo hacer"
"Pegada Carteles Huesca","como hacer"
"Pegada Carteles Huesca","tutorial"
"Pegada Carteles Huesca","ejemplo"
"Pegada Carteles Huesca","plantilla"
"Pegada Carteles Huesca","canva"
"Pegada Carteles Huesca","psd"
"Pegada Carteles Huesca","gratis"
"Pegada Carteles Huesca","trabajo"
"Pegada Carteles Huesca","empleo"
"Pegada Carteles Huesca","curriculum"
"Pegada Carteles Huesca","cv"
"Pegada Carteles Huesca","facebook"
"Pegada Carteles Huesca","instagram"
"Pegada Carteles Huesca","marketing digital"
"Pegada Carteles Jaén","cómo hacer"
"Pegada Carteles Jaén","como hacer"
"Pegada Carteles Jaén","tutorial"
"Pegada Carteles Jaén","ejemplo"
"Pegada Carteles Jaén","plantilla"
"Pegada Carteles Jaén","canva"
"Pegada Carteles Jaén","psd"
"Pegada Carteles Jaén","gratis"
"Pegada Carteles Jaén","trabajo"
"Pegada Carteles Jaén","empleo"
"Pegada Carteles Jaén","curriculum"
"Pegada Carteles Jaén","cv"
"Pegada Carteles Jaén","facebook"
"Pegada Carteles Jaén","instagram"
"Pegada Carteles Jaén","marketing digital"
"Pegada Carteles León","cómo hacer"
"Pegada Carteles León","como hacer"
"Pegada Carteles León","tutorial"
"Pegada Carteles León","ejemplo"
"Pegada Carteles León","plantilla"
"Pegada Carteles León","canva"
"Pegada Carteles León","psd"
"Pegada Carteles León","gratis"
"Pegada Carteles León","trabajo"
"Pegada Carteles León","empleo"
"Pegada Carteles León","curriculum"
"Pegada Carteles León","cv"
"Pegada Carteles León","facebook"
"Pegada Carteles León","instagram"
"Pegada Carteles León","marketing digital"
"Pegada Carteles Lérida","cómo hacer"
"Pegada Carteles Lérida","como hacer"
"Pegada Carteles Lérida","tutorial"
"Pegada Carteles Lérida","ejemplo"
"Pegada Carteles Lérida","plantilla"
"Pegada Carteles Lérida","canva"
"Pegada Carteles Lérida","psd"
"Pegada Carteles Lérida","gratis"
"Pegada Carteles Lérida","trabajo"
"Pegada Carteles Lérida","empleo"
"Pegada Carteles Lérida","curriculum"
"Pegada Carteles Lérida","cv"
"Pegada Carteles Lérida","facebook"
"Pegada Carteles Lérida","instagram"
"Pegada Carteles Lérida","marketing digital"
"Pegada Carteles Lugo","cómo hacer"
"Pegada Carteles Lugo","como hacer"
"Pegada Carteles Lugo","tutorial"
"Pegada Carteles Lugo","ejemplo"
"Pegada Carteles Lugo","plantilla"
"Pegada Carteles Lugo","canva"
"Pegada Carteles Lugo","psd"
"Pegada Carteles Lugo","gratis"
"Pegada Carteles Lugo","trabajo"
"Pegada Carteles Lugo","empleo"
"Pegada Carteles Lugo","curriculum"
"Pegada Carteles Lugo","cv"
"Pegada Carteles Lugo","facebook"
"Pegada Carteles Lugo","instagram"
"Pegada Carteles Lugo","marketing digital"
"Pegada Carteles Madrid","cómo hacer"
"Pegada Carteles Madrid","como hacer"
"Pegada Carteles Madrid","tutorial"
"Pegada Carteles Madrid","ejemplo"
"Pegada Carteles Madrid","plantilla"
"Pegada Carteles Madrid","canva"
"Pegada Carteles Madrid","psd"
"Pegada Carteles Madrid","gratis"
"Pegada Carteles Madrid","trabajo"
"Pegada Carteles Madrid","empleo"
"Pegada Carteles Madrid","curriculum"
"Pegada Carteles Madrid","cv"
"Pegada Carteles Madrid","facebook"
"Pegada Carteles Madrid","instagram"
"Pegada Carteles Madrid","marketing digital"
"Pegada Carteles Málaga","cómo hacer"
"Pegada Carteles Málaga","como hacer"
"Pegada Carteles Málaga","tutorial"
"Pegada Carteles Málaga","ejemplo"
"Pegada Carteles Málaga","plantilla"
"Pegada Carteles Málaga","canva"
"Pegada Carteles Málaga","psd"
"Pegada Carteles Málaga","gratis"
"Pegada Carteles Málaga","trabajo"
"Pegada Carteles Málaga","empleo"
"Pegada Carteles Málaga","curriculum"
"Pegada Carteles Málaga","cv"
"Pegada Carteles Málaga","facebook"
"Pegada Carteles Málaga","instagram"
"Pegada Carteles Málaga","marketing digital"
"Pegada Carteles Melilla","cómo hacer"
"Pegada Carteles Melilla","como hacer"
"Pegada Carteles Melilla","tutorial"
"Pegada Carteles Melilla","ejemplo"
"Pegada Carteles Melilla","plantilla"
"Pegada Carteles Melilla","canva"
"Pegada Carteles Melilla","psd"
"Pegada Carteles Melilla","gratis"
"Pegada Carteles Melilla","trabajo"
"Pegada Carteles Melilla","empleo"
"Pegada Carteles Melilla","curriculum"
"Pegada Carteles Melilla","cv"
"Pegada Carteles Melilla","facebook"
"Pegada Carteles Melilla","instagram"
"Pegada Carteles Melilla","marketing digital"
"Pegada Carteles Murcia","cómo hacer"
"Pegada Carteles Murcia","como hacer"
"Pegada Carteles Murcia","tutorial"
"Pegada Carteles Murcia","ejemplo"
"Pegada Carteles Murcia","plantilla"
"Pegada Carteles Murcia","canva"
"Pegada Carteles Murcia","psd"
"Pegada Carteles Murcia","gratis"
"Pegada Carteles Murcia","trabajo"
"Pegada Carteles Murcia","empleo"
"Pegada Carteles Murcia","curriculum"
"Pegada Carteles Murcia","cv"
"Pegada Carteles Murcia","facebook"
"Pegada Carteles Murcia","instagram"
"Pegada Carteles Murcia","marketing digital"
"Pegada Carteles Navarra","cómo hacer"
"Pegada Carteles Navarra","como hacer"
"Pegada Carteles Navarra","tutorial"
"Pegada Carteles Navarra","ejemplo"
"Pegada Carteles Navarra","plantilla"
"Pegada Carteles Navarra","canva"
"Pegada Carteles Navarra","psd"
"Pegada Carteles Navarra","gratis"
"Pegada Carteles Navarra","trabajo"
"Pegada Carteles Navarra","empleo"
"Pegada Carteles Navarra","curriculum"
"Pegada Carteles Navarra","cv"
"Pegada Carteles Navarra","facebook"
"Pegada Carteles Navarra","instagram"
"Pegada Carteles Navarra","marketing digital"
"Pegada Carteles Orense","cómo hacer"
"Pegada Carteles Orense","como hacer"
"Pegada Carteles Orense","tutorial"
"Pegada Carteles Orense","ejemplo"
"Pegada Carteles Orense","plantilla"
"Pegada Carteles Orense","canva"
"Pegada Carteles Orense","psd"
"Pegada Carteles Orense","gratis"
"Pegada Carteles Orense","trabajo"
"Pegada Carteles Orense","empleo"
"Pegada Carteles Orense","curriculum"
"Pegada Carteles Orense","cv"
"Pegada Carteles Orense","facebook"
"Pegada Carteles Orense","instagram"
"Pegada Carteles Orense","marketing digital"
"Pegada Carteles Palencia","cómo hacer"
"Pegada Carteles Palencia","como hacer"
"Pegada Carteles Palencia","tutorial"
"Pegada Carteles Palencia","ejemplo"
"Pegada Carteles Palencia","plantilla"
"Pegada Carteles Palencia","canva"
"Pegada Carteles Palencia","psd"
"Pegada Carteles Palencia","gratis"
"Pegada Carteles Palencia","trabajo"
"Pegada Carteles Palencia","empleo"
"Pegada Carteles Palencia","curriculum"
"Pegada Carteles Palencia","cv"
"Pegada Carteles Palencia","facebook"
"Pegada Carteles Palencia","instagram"
"Pegada Carteles Palencia","marketing digital"
"Pegada Carteles Las Palmas","cómo hacer"
"Pegada Carteles Las Palmas","como hacer"
"Pegada Carteles Las Palmas","tutorial"
"Pegada Carteles Las Palmas","ejemplo"
"Pegada Carteles Las Palmas","plantilla"
"Pegada Carteles Las Palmas","canva"
"Pegada Carteles Las Palmas","psd"
"Pegada Carteles Las Palmas","gratis"
"Pegada Carteles Las Palmas","trabajo"
"Pegada Carteles Las Palmas","empleo"
"Pegada Carteles Las Palmas","curriculum"
"Pegada Carteles Las Palmas","cv"
"Pegada Carteles Las Palmas","facebook"
"Pegada Carteles Las Palmas","instagram"
"Pegada Carteles Las Palmas","marketing digital"
"Pegada Carteles Pontevedra","cómo hacer"
"Pegada Carteles Pontevedra","como hacer"
"Pegada Carteles Pontevedra","tutorial"
"Pegada Carteles Pontevedra","ejemplo"
"Pegada Carteles Pontevedra","plantilla"
"Pegada Carteles Pontevedra","canva"
"Pegada Carteles Pontevedra","psd"
"Pegada Carteles Pontevedra","gratis"
"Pegada Carteles Pontevedra","trabajo"
"Pegada Carteles Pontevedra","empleo"
"Pegada Carteles Pontevedra","curriculum"
"Pegada Carteles Pontevedra","cv"
"Pegada Carteles Pontevedra","facebook"
"Pegada Carteles Pontevedra","instagram"
"Pegada Carteles Pontevedra","marketing digital"
"Pegada Carteles La Rioja","cómo hacer"
"Pegada Carteles La Rioja","como hacer"
"Pegada Carteles La Rioja","tutorial"
"Pegada Carteles La Rioja","ejemplo"
"Pegada Carteles La Rioja","plantilla"
"Pegada Carteles La Rioja","canva"
"Pegada Carteles La Rioja","psd"
"Pegada Carteles La Rioja","gratis"
"Pegada Carteles La Rioja","trabajo"
"Pegada Carteles La Rioja","empleo"
"Pegada Carteles La Rioja","curriculum"
"Pegada Carteles La Rioja","cv"
"Pegada Carteles La Rioja","facebook"
"Pegada Carteles La Rioja","instagram"
"Pegada Carteles La Rioja","marketing digital"
"Pegada Carteles Salamanca","cómo hacer"
"Pegada Carteles Salamanca","como hacer"
"Pegada Carteles Salamanca","tutorial"
"Pegada Carteles Salamanca","ejemplo"
"Pegada Carteles Salamanca","plantilla"
"Pegada Carteles Salamanca","canva"
"Pegada Carteles Salamanca","psd"
"Pegada Carteles Salamanca","gratis"
"Pegada Carteles Salamanca","trabajo"
"Pegada Carteles Salamanca","empleo"
"Pegada Carteles Salamanca","curriculum"
"Pegada Carteles Salamanca","cv"
"Pegada Carteles Salamanca","facebook"
"Pegada Carteles Salamanca","instagram"
"Pegada Carteles Salamanca","marketing digital"
"Pegada Carteles S.C. Tenerife","cómo hacer"
"Pegada Carteles S.C. Tenerife","como hacer"
"Pegada Carteles S.C. Tenerife","tutorial"
"Pegada Carteles S.C. Tenerife","ejemplo"
"Pegada Carteles S.C. Tenerife","plantilla"
"Pegada Carteles S.C. Tenerife","canva"
"Pegada Carteles S.C. Tenerife","psd"
"Pegada Carteles S.C. Tenerife","gratis"
"Pegada Carteles S.C. Tenerife","trabajo"
"Pegada Carteles S.C. Tenerife","empleo"
"Pegada Carteles S.C. Tenerife","curriculum"
"Pegada Carteles S.C. Tenerife","cv"
"Pegada Carteles S.C. Tenerife","facebook"
"Pegada Carteles S.C. Tenerife","instagram"
"Pegada Carteles S.C. Tenerife","marketing digital"
"Pegada Carteles Segovia","cómo hacer"
"Pegada Carteles Segovia","como hacer"
"Pegada Carteles Segovia","tutorial"
"Pegada Carteles Segovia","ejemplo"
"Pegada Carteles Segovia","plantilla"
"Pegada Carteles Segovia","canva"
"Pegada Carteles Segovia","psd"
"Pegada Carteles Segovia","gratis"
"Pegada Carteles Segovia","trabajo"
"Pegada Carteles Segovia","empleo"
"Pegada Carteles Segovia","curriculum"
"Pegada Carteles Segovia","cv"
"Pegada Carteles Segovia","facebook"
"Pegada Carteles Segovia","instagram"
"Pegada Carteles Segovia","marketing digital"
"Pegada Carteles Sevilla","cómo hacer"
"Pegada Carteles Sevilla","como hacer"
"Pegada Carteles Sevilla","tutorial"
"Pegada Carteles Sevilla","ejemplo"
"Pegada Carteles Sevilla","plantilla"
"Pegada Carteles Sevilla","canva"
"Pegada Carteles Sevilla","psd"
"Pegada Carteles Sevilla","gratis"
"Pegada Carteles Sevilla","trabajo"
"Pegada Carteles Sevilla","empleo"
"Pegada Carteles Sevilla","curriculum"
"Pegada Carteles Sevilla","cv"
"Pegada Carteles Sevilla","facebook"
"Pegada Carteles Sevilla","instagram"
"Pegada Carteles Sevilla","marketing digital"
"Pegada Carteles Tarragona","cómo hacer"
"Pegada Carteles Tarragona","como hacer"
"Pegada Carteles Tarragona","tutorial"
"Pegada Carteles Tarragona","ejemplo"
"Pegada Carteles Tarragona","plantilla"
"Pegada Carteles Tarragona","canva"
"Pegada Carteles Tarragona","psd"
"Pegada Carteles Tarragona","gratis"
"Pegada Carteles Tarragona","trabajo"
"Pegada Carteles Tarragona","empleo"
"Pegada Carteles Tarragona","curriculum"
"Pegada Carteles Tarragona","cv"
"Pegada Carteles Tarragona","facebook"
"Pegada Carteles Tarragona","instagram"
"Pegada Carteles Tarragona","marketing digital"
"Pegada Carteles Toledo","cómo hacer"
"Pegada Carteles Toledo","como hacer"
"Pegada Carteles Toledo","tutorial"
"Pegada Carteles Toledo","ejemplo"
"Pegada Carteles Toledo","plantilla"
"Pegada Carteles Toledo","canva"
"Pegada Carteles Toledo","psd"
"Pegada Carteles Toledo","gratis"
"Pegada Carteles Toledo","trabajo"
"Pegada Carteles Toledo","empleo"
"Pegada Carteles Toledo","curriculum"
"Pegada Carteles Toledo","cv"
"Pegada Carteles Toledo","facebook"
"Pegada Carteles Toledo","instagram"
"Pegada Carteles Toledo","marketing digital"
"Pegada Carteles Valencia","cómo hacer"
"Pegada Carteles Valencia","como hacer"
"Pegada Carteles Valencia","tutorial"
"Pegada Carteles Valencia","ejemplo"
"Pegada Carteles Valencia","plantilla"
"Pegada Carteles Valencia","canva"
"Pegada Carteles Valencia","psd"
"Pegada Carteles Valencia","gratis"
"Pegada Carteles Valencia","trabajo"
"Pegada Carteles Valencia","empleo"
"Pegada Carteles Valencia","curriculum"
"Pegada Carteles Valencia","cv"
"Pegada Carteles Valencia","facebook"
"Pegada Carteles Valencia","instagram"
"Pegada Carteles Valencia","marketing digital"
"Pegada Carteles Valladolid","cómo hacer"
"Pegada Carteles Valladolid","como hacer"
"Pegada Carteles Valladolid","tutorial"
"Pegada Carteles Valladolid","ejemplo"
"Pegada Carteles Valladolid","plantilla"
"Pegada Carteles Valladolid","canva"
"Pegada Carteles Valladolid","psd"
"Pegada Carteles Valladolid","gratis"
"Pegada Carteles Valladolid","trabajo"
"Pegada Carteles Valladolid","empleo"
"Pegada Carteles Valladolid","curriculum"
"Pegada Carteles Valladolid","cv"
"Pegada Carteles Valladolid","facebook"
"Pegada Carteles Valladolid","instagram"
"Pegada Carteles Valladolid","marketing digital"
"Pegada Carteles Vizcaya","cómo hacer"
"Pegada Carteles Vizcaya","como hacer"
"Pegada Carteles Vizcaya","tutorial"
"Pegada Carteles Vizcaya","ejemplo"
"Pegada Carteles Vizcaya","plantilla"
"Pegada Carteles Vizcaya","canva"
"Pegada Carteles Vizcaya","psd"
"Pegada Carteles Vizcaya","gratis"
"Pegada Carteles Vizcaya","trabajo"
"Pegada Carteles Vizcaya","empleo"
"Pegada Carteles Vizcaya","curriculum"
"Pegada Carteles Vizcaya","cv"
"Pegada Carteles Vizcaya","facebook"
"Pegada Carteles Vizcaya","instagram"
"Pegada Carteles Vizcaya","marketing digital"
"Pegada Carteles Zamora","cómo hacer"
"Pegada Carteles Zamora","como hacer"
"Pegada Carteles Zamora","tutorial"
"Pegada Carteles Zamora","ejemplo"
"Pegada Carteles Zamora","plantilla"
"Pegada Carteles Zamora","canva"
"Pegada Carteles Zamora","psd"
"Pegada Carteles Zamora","gratis"
"Pegada Carteles Zamora","trabajo"
"Pegada Carteles Zamora","empleo"
"Pegada Carteles Zamora","curriculum"
"Pegada Carteles Zamora","cv"
"Pegada Carteles Zamora","facebook"
"Pegada Carteles Zamora","instagram"
"Pegada Carteles Zamora","marketing digital"
"Pegada Carteles Zaragoza","cómo hacer"
"Pegada Carteles Zaragoza","como hacer"
"Pegada Carteles Zaragoza","tutorial"
"Pegada Carteles Zaragoza","ejemplo"
"Pegada Carteles Zaragoza","plantilla"
"Pegada Carteles Zaragoza","canva"
"Pegada Carteles Zaragoza","psd"
"Pegada Carteles Zaragoza","gratis"
"Pegada Carteles Zaragoza","trabajo"
"Pegada Carteles Zaragoza","empleo"
"Pegada Carteles Zaragoza","curriculum"
"Pegada Carteles Zaragoza","cv"
"Pegada Carteles Zaragoza","facebook"
"Pegada Carteles Zaragoza","instagram"
"Pegada Carteles Zaragoza","marketing digital"
"Pegada Carteles España","cómo hacer"
"Pegada Carteles España","como hacer"
"Pegada Carteles España","tutorial"
"Pegada Carteles España","ejemplo"
"Pegada Carteles España","plantilla"
"Pegada Carteles España","canva"
"Pegada Carteles España","psd"
"Pegada Carteles España","gratis"
"Pegada Carteles España","trabajo"
"Pegada Carteles España","empleo"
"Pegada Carteles España","curriculum"
"Pegada Carteles España","cv"
"Pegada Carteles España","facebook"
"Pegada Carteles España","instagram"
"Pegada Carteles España","marketing digital"